source,destination
0,1
0,2
0,3
0,4
0,5
0,6
0,7
0,8
0,9
0,10
0,11
0,12
3,13
4,13
4,171
5,85
5,230
6,85
7,13
7,59
8,13
8,59
8,222
8,230
8,415
8,519
8,814
10,412
11,257
11,415
11,866
11,1101
12,412
12,1245
13,14
13,15
13,16
15,59
16,59
16,95
16,171
16,268
16,412
16,734
16,832
17,18
17,19
17,20
17,21
17,22
17,23
17,24
17,25
17,26
17,27
19,33
19,60
19,85
19,103
19,107
20,33
20,125
21,103
22,230
22,249
23,222
24,125
24,198
24,213
24,477
24,493
26,153
26,249
26,841
28,29
28,30
30,154
30,208
30,246
30,399
30,523
30,687
30,688
30,699
30,779
30,827
30,843
30,868
30,876
30,971
30,1055
30,1065
30,1202
31,32
32,72
32,202
32,230
32,235
33,34
33,35
33,36
33,37
33,38
33,39
33,40
33,41
33,42
33,43
33,44
33,45
33,46
33,47
33,48
33,49
33,50
33,51
33,52
33,53
33,54
34,85
35,85
35,125
36,270
36,307
37,125
37,282
38,85
38,125
38,171
38,198
38,208
38,370
38,415
38,461
38,477
38,509
38,514
38,524
38,525
38,587
38,735
38,748
39,336
39,525
39,695
40,125
40,233
40,660
40,683
41,171
41,477
41,514
41,533
41,563
41,595
41,715
41,752
42,57
42,171
42,258
42,592
42,742
43,125
43,171
43,222
43,230
43,233
43,656
43,660
43,688
43,735
43,752
43,798
43,838
44,78
44,125
44,478
45,660
46,103
47,125
47,183
47,202
47,222
47,432
47,495
47,595
47,660
47,686
47,707
47,735
47,792
47,838
47,855
47,961
47,1092
48,233
48,383
48,514
48,595
48,656
48,660
48,735
48,752
48,754
48,792
48,881
48,1188
49,125
49,466
49,495
49,582
49,660
49,707
49,1026
49,1266
49,1281
50,125
50,792
50,829
50,961
50,976
50,1266
51,834
52,233
52,522
52,984
52,1003
52,1110
53,324
53,707
53,927
53,961
53,1266
54,407
54,688
54,984
54,1106
54,1317
54,1337
55,56
56,78
56,208
56,230
56,461
56,710
57,58
58,785
60,61
60,62
62,171
63,64
64,362
65,66
65,67
65,68
65,69
65,70
65,71
68,208
68,560
68,663
68,752
69,238
69,572
69,868
70,692
70,806
71,525
71,950
72,73
73,125
73,233
73,241
73,525
73,660
73,735
74,75
74,76
74,77
75,324
75,333
75,584
75,660
75,684
76,927
78,79
78,80
81,82
81,83
81,84
84,355
84,676
85,86
85,87
85,88
85,89
85,90
85,91
85,92
85,93
85,94
87,254
88,257
89,125
89,202
89,252
90,230
90,299
90,334
90,381
90,858
93,415
93,692
93,969
93,997
93,1060
93,1097
94,1208
94,1273
94,1297
95,96
95,97
95,98
98,466
98,893
98,1097
99,100
100,154
100,202
101,102
103,104
103,105
103,106
104,208
107,108
107,109
108,154
108,202
109,261
109,407
110,111
110,112
111,793
112,208
112,383
112,423
112,587
112,660
112,665
112,683
112,752
112,876
112,893
112,965
112,1123
112,1160
112,1272
112,1283
112,1337
113,114
114,410
114,653
115,116
117,118
117,119
117,120
117,121
117,122
117,123
117,124
118,208
118,294
118,306
119,125
119,432
119,514
119,541
119,572
119,660
120,466
121,197
121,735
122,466
122,656
122,910
122,922
122,1055
123,383
123,466
123,525
123,922
123,930
123,1115
125,126
125,127
125,128
125,129
125,130
125,131
125,132
125,133
125,134
125,135
125,136
125,137
125,138
125,139
125,140
125,141
125,142
125,143
125,144
125,145
125,146
129,153
129,275
129,287
129,307
130,238
130,298
130,339
130,348
130,368
130,375
130,376
130,417
130,423
130,432
130,456
130,510
130,523
130,533
130,575
131,183
131,233
132,461
133,572
133,817
134,154
134,348
134,788
134,801
135,525
135,904
136,213
136,466
137,171
137,222
137,368
137,381
137,415
137,477
137,514
137,735
137,752
137,832
137,838
138,153
138,686
138,932
139,280
140,153
140,383
140,461
140,779
140,841
140,893
141,208
141,376
141,595
141,741
141,1162
142,406
142,735
142,792
143,1092
143,1239
143,1266
144,793
144,971
145,1026
145,1321
146,1352
147,148
147,149
147,150
147,151
147,152
149,213
150,868
150,874
150,913
151,683
151,754
151,819
151,872
152,208
152,213
152,333
152,423
152,571
152,584
152,676
152,707
152,827
152,873
152,891
152,927
152,935
152,981
152,983
152,1055
152,1057
152,1084
152,1163
152,1169
152,1172
152,1204
152,1210
152,1213
152,1214
152,1225
152,1229
152,1241
152,1287
152,1294
152,1295
152,1298
152,1314
152,1341
152,1353
152,1355
152,1356
152,1357
152,1361
154,155
154,156
154,157
154,158
154,159
154,160
156,183
156,202
156,254
156,261
156,383
157,299
157,555
157,564
158,555
158,594
159,874
160,595
160,1311
160,1332
161,162
161,163
163,498
163,1044
163,1159
163,1167
164,165
165,381
166,167
166,168
166,169
166,170
168,735
170,307
170,708
170,1183
171,172
171,173
171,174
171,175
171,176
171,177
171,178
171,179
174,198
174,272
174,466
175,230
177,479
178,819
178,879
178,1005
179,483
179,1007
179,1031
179,1103
180,181
180,182
181,514
182,254
182,383
182,659
182,840
182,852
182,973
182,1248
183,184
183,185
183,186
183,187
183,188
183,189
183,190
183,191
183,192
183,193
183,194
183,195
183,196
185,563
185,681
187,697
187,819
189,423
189,511
190,307
190,538
190,688
190,750
190,798
191,383
191,437
191,563
191,796
191,1073
192,483
192,509
192,840
192,855
193,961
193,1294
194,268
194,287
194,407
194,1093
194,1106
194,1160
194,1179
194,1258
194,1317
195,383
195,525
195,545
195,595
195,677
195,774
195,902
195,950
195,1192
195,1198
196,383
196,595
196,1234
198,199
198,200
198,201
199,361
200,282
201,595
201,882
202,203
202,204
202,205
203,305
204,511
204,548
204,552
204,831
206,207
208,209
208,210
208,211
208,212
209,307
209,426
209,564
210,272
210,337
210,523
210,533
210,571
210,699
210,764
210,772
210,791
211,410
211,819
212,275
212,595
212,811
213,214
213,215
213,216
213,217
213,218
213,219
218,932
220,221
221,272
221,578
221,819
222,223
222,224
222,225
222,226
222,227
222,228
222,229
224,355
224,368
224,673
225,692
227,595
229,752
229,886
229,910
230,231
230,232
231,324
231,584
233,234
234,299
235,236
235,237
237,991
238,239
238,240
240,338
240,399
240,523
240,1104
241,242
241,243
241,244
241,245
244,275
244,564
244,699
244,720
244,860
244,892
244,905
244,1205
244,1239
245,307
245,595
245,1218
245,1223
245,1246
246,247
246,248
247,525
247,819
249,250
249,251
250,1097
250,1191
250,1308
251,582
251,1313
252,253
254,255
254,256
256,275
258,259
258,260
260,383
260,715
261,262
262,1202
262,1348
263,264
263,265
263,266
263,267
265,272
266,1090
266,1127
268,269
270,271
271,764
272,273
272,274
273,410
274,819
275,276
275,277
276,299
276,383
278,279
280,281
282,283
282,284
282,285
282,286
285,432
286,305
286,522
286,752
287,288
287,289
287,290
287,291
287,292
287,293
289,355
290,522
292,355
292,660
292,673
292,1087
293,1155
294,295
294,296
294,297
297,410
297,695
299,300
299,301
299,302
299,303
299,304
302,415
304,428
304,656
304,842
307,308
307,309
307,310
307,311
307,312
307,313
307,314
307,315
307,316
307,317
307,318
307,319
307,320
307,321
309,432
309,461
309,466
310,383
310,437
311,735
313,564
313,877
314,834
315,426
315,592
315,834
315,1036
316,925
317,595
317,720
318,698
318,834
318,1058
319,592
319,595
319,660
319,843
319,846
319,955
319,1291
319,1294
320,798
320,841
320,984
322,323
323,525
323,1164
324,325
326,327
326,328
327,493
328,595
328,896
328,994
329,330
330,964
331,332
332,1097
334,335
335,763
339,340
339,341
339,342
339,343
339,344
339,345
339,346
339,347
341,376
342,525
342,766
343,376
343,571
343,595
343,882
344,595
346,595
346,1233
346,1247
347,896
347,1064
347,1185
348,349
348,350
348,351
348,352
348,353
348,354
349,688
349,714
351,788
352,851
353,495
353,572
353,798
353,809
353,936
353,963
354,500
354,875
354,1068
355,356
355,357
355,358
359,360
360,466
360,874
363,364
363,365
364,548
364,709
365,548
365,803
365,831
366,367
367,537
367,1289
368,369
370,371
370,372
372,1195
373,374
374,460
376,377
376,378
376,379
376,380
377,430
377,475
377,685
380,1258
381,382
382,582
382,660
382,735
382,950
382,961
383,384
383,385
383,386
383,387
383,388
383,389
383,390
383,391
383,392
383,393
383,394
383,395
385,437
386,655
387,466
387,564
387,688
388,665
390,1048
391,595
392,924
396,397
396,398
398,955
398,1284
399,400
399,401
399,402
399,403
399,404
399,405
403,410
403,564
403,656
404,765
405,915
405,1070
405,1128
407,408
407,409
409,595
409,1222
410,411
412,413
412,414
413,834
413,886
414,415
414,533
414,893
414,923
414,944
415,416
416,595
416,735
416,752
416,827
416,881
416,1005
418,419
418,420
419,859
421,422
422,1128
422,1251
423,424
423,425
426,427
428,429
430,431
431,880
432,433
432,434
432,435
432,436
433,793
434,595
437,438
437,439
437,440
437,441
437,442
437,443
437,444
437,445
437,446
437,447
440,509
446,595
446,775
446,898
446,1167
446,1184
446,1189
446,1252
447,575
447,595
447,984
448,449
449,673
450,451
450,452
450,453
453,1252
454,455
455,595
455,893
455,920
455,961
455,984
455,1160
456,457
458,459
461,462
461,463
461,464
461,465
464,760
465,595
465,893
465,961
465,1008
465,1106
465,1160
466,467
466,468
466,469
466,470
466,471
466,472
466,473
466,474
468,545
468,554
468,782
468,819
471,1115
472,1115
474,910
474,1312
475,476
480,481
480,482
481,493
481,564
481,665
481,672
481,733
481,752
482,779
482,834
482,910
483,484
483,485
483,486
483,487
483,488
483,489
484,732
484,807
485,715
485,752
485,810
485,988
485,1119
487,913
488,718
490,491
490,492
493,494
496,497
497,595
498,499
500,501
500,502
500,503
500,504
502,797
503,1084
504,509
505,506
505,507
505,508
508,1166
511,512
511,513
514,515
514,516
514,517
514,518
516,660
517,595
517,1224
517,1298
518,570
518,719
518,1362
520,521
525,526
525,527
525,528
525,529
525,530
525,531
525,532
527,1042
528,868
529,868
529,903
529,1075
532,1164
532,1226
534,535
534,536
535,564
536,1054
539,540
540,1189
541,542
543,544
544,819
545,546
545,547
548,549
548,550
548,551
550,831
550,884
552,553
555,556
555,557
555,558
555,559
558,688
561,562
562,867
562,1182
562,1275
564,565
564,566
564,567
564,568
564,569
566,572
568,811
568,1253
569,699
572,573
572,574
573,595
574,817
574,868
574,1056
574,1270
574,1294
575,576
575,577
576,595
577,1145
579,580
579,581
582,583
584,585
584,586
587,588
587,589
587,590
587,591
590,945
590,982
590,1044
590,1105
591,939
592,593
595,596
595,597
595,598
595,599
595,600
595,601
595,602
595,603
595,604
595,605
595,606
595,607
595,608
595,609
595,610
595,611
595,612
595,613
595,614
595,615
595,616
595,617
595,618
595,619
595,620
595,621
595,622
595,623
595,624
595,625
595,626
595,627
595,628
595,629
595,630
595,631
595,632
595,633
595,634
595,635
595,636
595,637
595,638
595,639
595,640
595,641
595,642
595,643
595,644
595,645
595,646
595,647
595,648
595,649
595,650
595,651
595,652
601,754
605,803
610,679
610,891
611,1058
612,741
612,863
612,931
612,958
614,1096
616,660
616,735
618,984
621,898
625,1052
625,1095
625,1120
625,1193
626,999
626,1091
628,1128
629,1058
630,774
630,1118
631,963
633,793
633,1288
634,724
636,1071
638,993
640,1168
642,1203
644,802
645,735
646,1258
646,1288
647,1337
648,1335
650,1359
651,655
653,654
657,658
658,833
658,927
660,661
660,662
663,664
665,666
666,1035
667,668
667,669
668,926
668,1073
670,671
671,842
671,1006
671,1165
674,675
677,678
679,680
681,682
682,963
688,689
689,729
690,691
691,910
692,693
692,694
695,696
699,700
701,702
703,704
703,705
703,706
705,941
705,1344
711,712
711,713
713,1145
715,716
715,717
717,957
721,722
721,723
723,785
725,726
727,728
730,731
735,736
735,737
735,738
737,742
737,838
737,855
737,1087
738,1026
738,1122
739,740
740,1149
742,743
742,744
744,838
744,1035
744,1055
745,746
745,747
748,749
749,819
750,751
752,753
753,819
754,755
754,756
754,757
756,1102
758,759
761,762
766,767
766,768
766,769
768,805
769,1293
770,771
771,1091
772,773
775,776
775,777
775,778
779,780
779,781
781,1205
783,784
784,846
784,1199
784,1219
786,787
788,789
788,790
789,880
790,834
793,794
793,795
795,1078
798,799
798,800
799,944
800,924
803,804
807,808
808,1252
811,812
811,813
815,816
816,893
817,818
818,950
819,820
819,821
819,822
819,823
819,824
819,825
819,826
821,838
823,1161
825,1037
827,828
828,1321
829,830
830,1191
834,835
834,836
834,837
837,838
838,839
843,844
843,845
846,847
847,941
847,998
848,849
848,850
853,854
854,1243
854,1296
854,1330
855,856
855,857
861,862
864,865
868,869
868,870
868,871
869,950
869,1281
871,1124
871,1205
871,1239
871,1315
877,878
878,1055
878,1071
878,1176
878,1202
878,1350
882,883
883,1252
884,885
885,1063
886,887
886,888
888,1216
888,1246
888,1252
888,1305
888,1337
889,890
894,895
895,1202
895,1256
896,897
899,900
899,901
901,1271
905,906
905,907
908,909
909,945
910,911
910,912
911,997
912,944
913,914
915,916
915,917
915,918
915,919
918,1109
920,921
921,961
921,990
921,1088
921,1126
921,1152
921,1230
921,1341
921,1365
927,928
927,929
929,1345
932,933
932,934
937,938
939,940
940,1114
941,942
941,943
945,946
945,947
945,948
945,949
949,1038
950,951
950,952
950,953
950,954
952,1026
952,1056
953,1122
953,1259
954,1026
954,1266
955,956
956,1354
959,960
961,962
962,1120
966,967
966,968
967,1017
968,1014
968,1017
968,1177
969,970
971,972
974,975
977,978
979,980
984,985
985,1160
986,987
988,989
991,992
995,996
999,1000
999,1001
999,1002
1002,1071
1002,1329
1003,1004
1004,1340
1009,1010
1009,1011
1009,1012
1009,1013
1014,1015
1014,1016
1015,1017
1015,1177
1015,1257
1016,1103
1018,1019
1019,1148
1020,1021
1020,1022
1023,1024
1023,1025
1025,1265
1025,1343
1026,1027
1026,1028
1026,1029
1026,1030
1031,1032
1032,1060
1033,1034
1038,1039
1038,1040
1038,1041
1042,1043
1044,1045
1046,1047
1048,1049
1050,1051
1052,1053
1058,1059
1060,1061
1060,1062
1062,1140
1065,1066
1065,1067
1068,1069
1071,1072
1073,1074
1076,1077
1079,1080
1079,1081
1081,1178
1081,1208
1081,1291
1081,1316
1081,1322
1082,1083
1083,1243
1085,1086
1086,1360
1088,1089
1089,1268
1093,1094
1098,1099
1098,1100
1107,1108
1110,1111
1112,1113
1115,1116
1115,1117
1120,1121
1124,1125
1128,1129
1128,1130
1128,1131
1128,1132
1128,1133
1128,1134
1128,1135
1136,1137
1138,1139
1141,1142
1143,1144
1145,1146
1145,1147
1150,1151
1153,1154
1154,1335
1155,1156
1157,1158
1158,1250
1170,1171
1171,1194
1172,1173
1174,1175
1180,1181
1186,1187
1189,1190
1190,1201
1195,1196
1195,1197
1196,1351
1199,1200
1205,1206
1205,1207
1207,1315
1208,1209
1211,1212
1214,1215
1216,1217
1217,1252
1217,1264
1217,1327
1220,1221
1227,1228
1228,1331
1231,1232
1235,1236
1237,1238
1239,1240
1240,1298
1240,1303
1240,1342
1240,1349
1241,1242
1243,1244
1248,1249
1254,1255
1260,1261
1262,1263
1266,1267
1268,1269
1273,1274
1275,1276
1277,1278
1279,1280
1281,1282
1282,1316
1285,1286
1289,1290
1291,1292
1299,1300
1300,1306
1301,1302
1303,1304
1306,1307
1307,1364
1309,1310
1317,1318
1319,1320
1320,1363
1323,1324
1325,1326
1327,1328
1333,1334
1335,1336
1338,1339
1346,1347
1357,1358
1366,1367
